id_dev_type,dev_type
0,Mobile developer
1,Marketing or sales professional
2,"C-suite executive (CEO, CTO, etc.)"
3,Engineering manager
4,Security professional
5,"Developer, game or graphics"
6,"Developer, front-end"
7,Cloud infrastructure engineer
8,"Developer, back-end"
9,Designer
10,"Developer, full-stack"
11,Product manager
12,Embedded applications or devices developer
13,Scientist
14,Project manager
15,"Developer, QA or test"
16,Educator or academic researcher
17,Desktop or enterprise applications developer
18,Other (please specify):
19,System administrator
20,"Engineer, site reliability"
21,"Engineer, data"
22,Data or business analyst
23,Blockchain
24,QA or test developer
25,Academic researcher
26,"Senior Executive (C-Suite, VP, etc.)"
27,"Developer, desktop or enterprise applications"
28,Full-stack developer
29,Educator
30,Senior executive/VP
31,Back-end developer
32,Front-end developer
33,DevOps specialist
34,Game or graphics developer
35,"Developer, mobile"
36,Data scientist or machine learning specialist
37,Student
38,Database administrator
39,"Developer, embedded applications or devices"
