id_platform,platform
0,Google Cloud Platform/App Engine
1,Android
2,OpenStack
3,iOS
4,Raspberry Pi
5,Mac OS
6,Gaming console
7,DigitalOcean
8,Predix
9,Linux
10,Mainframe
11,Colocation
12,Google Cloud Platform
13,Slack Apps and Integrations
14,Windows Desktop or Server
15,Windows
16,Arduino
17,Microsoft Azure
18,Heroku
19,OVH
20,SharePoint
21,Drupal
22,Slack
23,Other(s):
24,ESP8266
25,Google Cloud
26,WordPress
27,Amazon Echo
28,Managed Hosting
29,IBM Cloud or Watson
30,Docker
31,Salesforce
32,Serverless
33,Linode
34,VMware
35,Azure
36,Kubernetes
37,Apple Watch or Apple TV
38,Windows Phone
39,Google Home
40,MacOS
41,AWS
42,Firebase
43,Oracle Cloud Infrastructure
