id_platform,platform
0,Google Home
1,Google Cloud Platform
2,Salesforce
3,WordPress
4,Amazon Echo
5,SharePoint
6,Oracle Cloud Infrastructure
7,Arduino
8,Mainframe
9,iOS
10,Apple Watch or Apple TV
11,Firebase
12,Mac OS
13,Android
14,Kubernetes
15,VMware
16,Raspberry Pi
17,IBM Cloud or Watson
18,Google Cloud
19,Windows
20,OpenStack
21,Azure
22,Google Cloud Platform/App Engine
23,Linode
24,Heroku
25,Windows Phone
26,ESP8266
27,Other(s):
28,Colocation
29,Linux
30,Gaming console
31,AWS
32,OVH
33,Slack Apps and Integrations
34,DigitalOcean
35,Microsoft Azure
36,Windows Desktop or Server
37,MacOS
38,Predix
39,Docker
40,Serverless
41,Slack
42,Drupal
43,Managed Hosting
