id_db,database
0,Apache HBase
1,Google Cloud Storage
2,Amazon Redshift
3,Elasticsearch
4,Amazon DynamoDB
5,SQL Server
6,Redis
7,MariaDB
8,SQLite
9,"Microsoft Azure (Tables, CosmosDB, SQL, etc)"
10,Google BigQuery
11,MongoDB
12,Oracle
13,Neo4j
14,IBM DB2
15,Microsoft SQL Server
16,Other(s):
17,Cloud Firestore
18,Cassandra
19,Apache Hive
20,CouchDB
21,IBM Db2
22,Firebase Realtime Database
23,Couchbase
24,MySQL
25,PostgreSQL
26,Amazon RDS/Aurora
27,Memcached
28,Firebase
29,DynamoDB
