id_db,database
0,IBM DB2
1,PostgreSQL
2,Amazon Redshift
3,Microsoft SQL Server
4,Couchbase
5,CouchDB
6,Apache Hive
7,Amazon RDS/Aurora
8,SQL Server
9,Apache HBase
10,Firebase
11,Firebase Realtime Database
12,IBM Db2
13,MySQL
14,Google BigQuery
15,MongoDB
16,Cassandra
17,Neo4j
18,Amazon DynamoDB
19,Oracle
20,Redis
21,SQLite
22,Other(s):
23,Elasticsearch
24,DynamoDB
25,Google Cloud Storage
26,"Microsoft Azure (Tables, CosmosDB, SQL, etc)"
27,Cloud Firestore
28,Memcached
29,MariaDB
