id_lang,language
0,Hack
1,Erlang
2,Assembly
3,Groovy
4,Go
5,C++
6,PowerShell
7,COBOL
8,Solidity
9,Java
10,R
11,Fortran
12,VB.NET
13,Bash/Shell/PowerShell
14,Ruby
15,Julia
16,OCaml
17,CSS
18,Ocaml
19,Crystal
20,Cobol
21,CoffeeScript
22,JavaScript
23,HTML
24,Bash/Shell
25,HTML/CSS
26,MATLAB
27,PHP
28,Rust
29,SAS
30,C#
31,Dart
32,Node.js
33,Lua
34,TypeScript
35,Swift
36,Other(s):
37,WebAssembly
38,Visual Basic 6
39,APL
40,Delphi/Object Pascal
41,Perl
42,Clojure
43,Elixir
44,Objective-C
45,Haskell
46,Scala
47,SQL
48,Python
49,Kotlin
50,Delphi
51,C
52,VBA
53,LISP
54,F#
55,Matlab
