id_lang,language
0,Go
1,Visual Basic 6
2,Solidity
3,F#
4,Scala
5,HTML/CSS
6,Matlab
7,Crystal
8,Hack
9,Cobol
10,Delphi/Object Pascal
11,OCaml
12,CoffeeScript
13,Rust
14,Bash/Shell/PowerShell
15,C
16,Elixir
17,Assembly
18,CSS
19,C#
20,HTML
21,Erlang
22,R
23,LISP
24,SQL
25,APL
26,VB.NET
27,Python
28,Java
29,Delphi
30,WebAssembly
31,Perl
32,Fortran
33,Ocaml
34,Kotlin
35,Other(s):
36,Dart
37,Julia
38,Node.js
39,COBOL
40,Groovy
41,Objective-C
42,Haskell
43,Ruby
44,TypeScript
45,Lua
46,JavaScript
47,C++
48,Clojure
49,PowerShell
50,MATLAB
51,SAS
52,VBA
53,PHP
54,Swift
55,Bash/Shell
